<?xml version="1.0" encoding="UTF-8"?>
<config xmlns="http://www.knime.org/2008/09/XMLConfig" xmlns:xsi="http://www.w3.org/2001/XMLSchema-instance" xsi:schemaLocation="http://www.knime.org/2008/09/XMLConfig http://www.knime.org/XMLConfig_2008_09.xsd" key="MiningSchema">
<config key="learning">
<entry key="array-size" type="xint" value="160"/>
<entry key="0" type="xstring" value="ASM | DIAGONAL | 1 | 40"/>
<entry key="1" type="xstring" value="Contrast | DIAGONAL | 1 | 40"/>
<entry key="2" type="xstring" value="Correlation | DIAGONAL | 1 | 40"/>
<entry key="3" type="xstring" value="Variance | DIAGONAL | 1 | 40"/>
<entry key="4" type="xstring" value="IFDM | DIAGONAL | 1 | 40"/>
<entry key="5" type="xstring" value="SumAverage | DIAGONAL | 1 | 40"/>
<entry key="6" type="xstring" value="SumVariance | DIAGONAL | 1 | 40"/>
<entry key="7" type="xstring" value="SumEntropy | DIAGONAL | 1 | 40"/>
<entry key="8" type="xstring" value="Entropy | DIAGONAL | 1 | 40"/>
<entry key="9" type="xstring" value="DifferenceVariance | DIAGONAL | 1 | 40"/>
<entry key="10" type="xstring" value="DifferenceEntropy | DIAGONAL | 1 | 40"/>
<entry key="11" type="xstring" value="ICM1 | DIAGONAL | 1 | 40"/>
<entry key="12" type="xstring" value="ICM2 | DIAGONAL | 1 | 40"/>
<entry key="13" type="xstring" value="ClusterShade | DIAGONAL | 1 | 40"/>
<entry key="14" type="xstring" value="ClusterProminence | DIAGONAL | 1 | 40"/>
<entry key="15" type="xstring" value="ASM | ANTIDIAGONAL | 1 | 40"/>
<entry key="16" type="xstring" value="Contrast | ANTIDIAGONAL | 1 | 40"/>
<entry key="17" type="xstring" value="Correlation | ANTIDIAGONAL | 1 | 40"/>
<entry key="18" type="xstring" value="Variance | ANTIDIAGONAL | 1 | 40"/>
<entry key="19" type="xstring" value="IFDM | ANTIDIAGONAL | 1 | 40"/>
<entry key="20" type="xstring" value="SumAverage | ANTIDIAGONAL | 1 | 40"/>
<entry key="21" type="xstring" value="SumVariance | ANTIDIAGONAL | 1 | 40"/>
<entry key="22" type="xstring" value="SumEntropy | ANTIDIAGONAL | 1 | 40"/>
<entry key="23" type="xstring" value="Entropy | ANTIDIAGONAL | 1 | 40"/>
<entry key="24" type="xstring" value="DifferenceVariance | ANTIDIAGONAL | 1 | 40"/>
<entry key="25" type="xstring" value="DifferenceEntropy | ANTIDIAGONAL | 1 | 40"/>
<entry key="26" type="xstring" value="ICM1 | ANTIDIAGONAL | 1 | 40"/>
<entry key="27" type="xstring" value="ICM2 | ANTIDIAGONAL | 1 | 40"/>
<entry key="28" type="xstring" value="ClusterShade | ANTIDIAGONAL | 1 | 40"/>
<entry key="29" type="xstring" value="ClusterProminence | ANTIDIAGONAL | 1 | 40"/>
<entry key="30" type="xstring" value="ASM | HORIZONTAL | 1 | 40"/>
<entry key="31" type="xstring" value="Contrast | HORIZONTAL | 1 | 40"/>
<entry key="32" type="xstring" value="Correlation | HORIZONTAL | 1 | 40"/>
<entry key="33" type="xstring" value="Variance | HORIZONTAL | 1 | 40"/>
<entry key="34" type="xstring" value="IFDM | HORIZONTAL | 1 | 40"/>
<entry key="35" type="xstring" value="SumAverage | HORIZONTAL | 1 | 40"/>
<entry key="36" type="xstring" value="SumVariance | HORIZONTAL | 1 | 40"/>
<entry key="37" type="xstring" value="SumEntropy | HORIZONTAL | 1 | 40"/>
<entry key="38" type="xstring" value="Entropy | HORIZONTAL | 1 | 40"/>
<entry key="39" type="xstring" value="DifferenceVariance | HORIZONTAL | 1 | 40"/>
<entry key="40" type="xstring" value="DifferenceEntropy | HORIZONTAL | 1 | 40"/>
<entry key="41" type="xstring" value="ICM1 | HORIZONTAL | 1 | 40"/>
<entry key="42" type="xstring" value="ICM2 | HORIZONTAL | 1 | 40"/>
<entry key="43" type="xstring" value="ClusterShade | HORIZONTAL | 1 | 40"/>
<entry key="44" type="xstring" value="ClusterProminence | HORIZONTAL | 1 | 40"/>
<entry key="45" type="xstring" value="ASM | VERTICAL | 1 | 40"/>
<entry key="46" type="xstring" value="Contrast | VERTICAL | 1 | 40"/>
<entry key="47" type="xstring" value="Correlation | VERTICAL | 1 | 40"/>
<entry key="48" type="xstring" value="Variance | VERTICAL | 1 | 40"/>
<entry key="49" type="xstring" value="IFDM | VERTICAL | 1 | 40"/>
<entry key="50" type="xstring" value="SumAverage | VERTICAL | 1 | 40"/>
<entry key="51" type="xstring" value="SumVariance | VERTICAL | 1 | 40"/>
<entry key="52" type="xstring" value="SumEntropy | VERTICAL | 1 | 40"/>
<entry key="53" type="xstring" value="Entropy | VERTICAL | 1 | 40"/>
<entry key="54" type="xstring" value="DifferenceVariance | VERTICAL | 1 | 40"/>
<entry key="55" type="xstring" value="DifferenceEntropy | VERTICAL | 1 | 40"/>
<entry key="56" type="xstring" value="ICM1 | VERTICAL | 1 | 40"/>
<entry key="57" type="xstring" value="ICM2 | VERTICAL | 1 | 40"/>
<entry key="58" type="xstring" value="ClusterShade | VERTICAL | 1 | 40"/>
<entry key="59" type="xstring" value="ClusterProminence | VERTICAL | 1 | 40"/>
<entry key="60" type="xstring" value="Min"/>
<entry key="61" type="xstring" value="Max"/>
<entry key="62" type="xstring" value="Mean"/>
<entry key="63" type="xstring" value="Geometric Mean"/>
<entry key="64" type="xstring" value="Sum"/>
<entry key="65" type="xstring" value="Squares of Sum"/>
<entry key="66" type="xstring" value="Std Dev"/>
<entry key="67" type="xstring" value="Variance"/>
<entry key="68" type="xstring" value="Skewness"/>
<entry key="69" type="xstring" value="Kurtosis"/>
<entry key="70" type="xstring" value="Quantil 25"/>
<entry key="71" type="xstring" value="Quantil 50"/>
<entry key="72" type="xstring" value="Quantil 75"/>
<entry key="73" type="xstring" value="Median absolute deviation (MAD)"/>
<entry key="74" type="xstring" value="WeightedCentroid Dim 1"/>
<entry key="75" type="xstring" value="WeightedCentroid Dim 2"/>
<entry key="76" type="xstring" value="WeightedCentroid Dim 3"/>
<entry key="77" type="xstring" value="WeightedCentroid Dim 4"/>
<entry key="78" type="xstring" value="WeightedCentroid Dim 5"/>
<entry key="79" type="xstring" value="Mass Displacement"/>
<entry key="80" type="xstring" value="ASM | DIAGONAL | 1 | 40(*)"/>
<entry key="81" type="xstring" value="Contrast | DIAGONAL | 1 | 40(*)"/>
<entry key="82" type="xstring" value="Correlation | DIAGONAL | 1 | 40(*)"/>
<entry key="83" type="xstring" value="Variance | DIAGONAL | 1 | 40(*)"/>
<entry key="84" type="xstring" value="IFDM | DIAGONAL | 1 | 40(*)"/>
<entry key="85" type="xstring" value="SumAverage | DIAGONAL | 1 | 40(*)"/>
<entry key="86" type="xstring" value="SumVariance | DIAGONAL | 1 | 40(*)"/>
<entry key="87" type="xstring" value="SumEntropy | DIAGONAL | 1 | 40(*)"/>
<entry key="88" type="xstring" value="Entropy | DIAGONAL | 1 | 40(*)"/>
<entry key="89" type="xstring" value="DifferenceVariance | DIAGONAL | 1 | 40(*)"/>
<entry key="90" type="xstring" value="DifferenceEntropy | DIAGONAL | 1 | 40(*)"/>
<entry key="91" type="xstring" value="ICM1 | DIAGONAL | 1 | 40(*)"/>
<entry key="92" type="xstring" value="ICM2 | DIAGONAL | 1 | 40(*)"/>
<entry key="93" type="xstring" value="ClusterShade | DIAGONAL | 1 | 40(*)"/>
<entry key="94" type="xstring" value="ClusterProminence | DIAGONAL | 1 | 40(*)"/>
<entry key="95" type="xstring" value="ASM | ANTIDIAGONAL | 1 | 40(*)"/>
<entry key="96" type="xstring" value="Contrast | ANTIDIAGONAL | 1 | 40(*)"/>
<entry key="97" type="xstring" value="Correlation | ANTIDIAGONAL | 1 | 40(*)"/>
<entry key="98" type="xstring" value="Variance | ANTIDIAGONAL | 1 | 40(*)"/>
<entry key="99" type="xstring" value="IFDM | ANTIDIAGONAL | 1 | 40(*)"/>
<entry key="100" type="xstring" value="SumAverage | ANTIDIAGONAL | 1 | 40(*)"/>
<entry key="101" type="xstring" value="SumVariance | ANTIDIAGONAL | 1 | 40(*)"/>
<entry key="102" type="xstring" value="SumEntropy | ANTIDIAGONAL | 1 | 40(*)"/>
<entry key="103" type="xstring" value="Entropy | ANTIDIAGONAL | 1 | 40(*)"/>
<entry key="104" type="xstring" value="DifferenceVariance | ANTIDIAGONAL | 1 | 40(*)"/>
<entry key="105" type="xstring" value="DifferenceEntropy | ANTIDIAGONAL | 1 | 40(*)"/>
<entry key="106" type="xstring" value="ICM1 | ANTIDIAGONAL | 1 | 40(*)"/>
<entry key="107" type="xstring" value="ICM2 | ANTIDIAGONAL | 1 | 40(*)"/>
<entry key="108" type="xstring" value="ClusterShade | ANTIDIAGONAL | 1 | 40(*)"/>
<entry key="109" type="xstring" value="ClusterProminence | ANTIDIAGONAL | 1 | 40(*)"/>
<entry key="110" type="xstring" value="ASM | HORIZONTAL | 1 | 40(*)"/>
<entry key="111" type="xstring" value="Contrast | HORIZONTAL | 1 | 40(*)"/>
<entry key="112" type="xstring" value="Correlation | HORIZONTAL | 1 | 40(*)"/>
<entry key="113" type="xstring" value="Variance | HORIZONTAL | 1 | 40(*)"/>
<entry key="114" type="xstring" value="IFDM | HORIZONTAL | 1 | 40(*)"/>
<entry key="115" type="xstring" value="SumAverage | HORIZONTAL | 1 | 40(*)"/>
<entry key="116" type="xstring" value="SumVariance | HORIZONTAL | 1 | 40(*)"/>
<entry key="117" type="xstring" value="SumEntropy | HORIZONTAL | 1 | 40(*)"/>
<entry key="118" type="xstring" value="Entropy | HORIZONTAL | 1 | 40(*)"/>
<entry key="119" type="xstring" value="DifferenceVariance | HORIZONTAL | 1 | 40(*)"/>
<entry key="120" type="xstring" value="DifferenceEntropy | HORIZONTAL | 1 | 40(*)"/>
<entry key="121" type="xstring" value="ICM1 | HORIZONTAL | 1 | 40(*)"/>
<entry key="122" type="xstring" value="ICM2 | HORIZONTAL | 1 | 40(*)"/>
<entry key="123" type="xstring" value="ClusterShade | HORIZONTAL | 1 | 40(*)"/>
<entry key="124" type="xstring" value="ClusterProminence | HORIZONTAL | 1 | 40(*)"/>
<entry key="125" type="xstring" value="ASM | VERTICAL | 1 | 40(*)"/>
<entry key="126" type="xstring" value="Contrast | VERTICAL | 1 | 40(*)"/>
<entry key="127" type="xstring" value="Correlation | VERTICAL | 1 | 40(*)"/>
<entry key="128" type="xstring" value="Variance | VERTICAL | 1 | 40(*)"/>
<entry key="129" type="xstring" value="IFDM | VERTICAL | 1 | 40(*)"/>
<entry key="130" type="xstring" value="SumAverage | VERTICAL | 1 | 40(*)"/>
<entry key="131" type="xstring" value="SumVariance | VERTICAL | 1 | 40(*)"/>
<entry key="132" type="xstring" value="SumEntropy | VERTICAL | 1 | 40(*)"/>
<entry key="133" type="xstring" value="Entropy | VERTICAL | 1 | 40(*)"/>
<entry key="134" type="xstring" value="DifferenceVariance | VERTICAL | 1 | 40(*)"/>
<entry key="135" type="xstring" value="DifferenceEntropy | VERTICAL | 1 | 40(*)"/>
<entry key="136" type="xstring" value="ICM1 | VERTICAL | 1 | 40(*)"/>
<entry key="137" type="xstring" value="ICM2 | VERTICAL | 1 | 40(*)"/>
<entry key="138" type="xstring" value="ClusterShade | VERTICAL | 1 | 40(*)"/>
<entry key="139" type="xstring" value="ClusterProminence | VERTICAL | 1 | 40(*)"/>
<entry key="140" type="xstring" value="Min(*)"/>
<entry key="141" type="xstring" value="Max(*)"/>
<entry key="142" type="xstring" value="Mean(*)"/>
<entry key="143" type="xstring" value="Geometric Mean(*)"/>
<entry key="144" type="xstring" value="Sum(*)"/>
<entry key="145" type="xstring" value="Squares of Sum(*)"/>
<entry key="146" type="xstring" value="Std Dev(*)"/>
<entry key="147" type="xstring" value="Variance(*)"/>
<entry key="148" type="xstring" value="Skewness(*)"/>
<entry key="149" type="xstring" value="Kurtosis(*)"/>
<entry key="150" type="xstring" value="Quantil 25(*)"/>
<entry key="151" type="xstring" value="Quantil 50(*)"/>
<entry key="152" type="xstring" value="Quantil 75(*)"/>
<entry key="153" type="xstring" value="Median absolute deviation (MAD)(*)"/>
<entry key="154" type="xstring" value="WeightedCentroid Dim 1(*)"/>
<entry key="155" type="xstring" value="WeightedCentroid Dim 2(*)"/>
<entry key="156" type="xstring" value="WeightedCentroid Dim 3(*)"/>
<entry key="157" type="xstring" value="WeightedCentroid Dim 4(*)"/>
<entry key="158" type="xstring" value="WeightedCentroid Dim 5(*)"/>
<entry key="159" type="xstring" value="Mass Displacement(*)"/>
</config>
<config key="target">
<entry key="array-size" type="xint" value="1"/>
<entry key="0" type="xstring" value="class"/>
</config>
</config>
